datetime,measured_power_util,carbon_intensity_actual,avg_carbon_intensity_forecast,error,shifted_power_util,emissions
2019-05-01 00:00:00,0.6605833333333334,122.89,107.35511,0.144705641,0.6605833333333334,81.17908583333335
2019-05-01 01:00:00,0.6230833333333333,134.62,139.6267,0.035857755,0.6230833333333333,83.87947833333334
2019-05-01 02:00:00,0.629,174.42,179.56595,0.028657716,0.0,0.0
2019-05-01 03:00:00,0.6299166666666667,229.69,211.1503,0.087803333,0.0,0.0
2019-05-01 04:00:00,0.6409166666666667,248.94,226.48802,0.099130983,0.0,0.0
2019-05-01 05:00:00,0.6428333333333334,237.25,227.18406,0.044307422,0.0,0.0
2019-05-01 06:00:00,0.63775,221.34,215.70277,0.026134249,0.0,0.0
2019-05-01 07:00:00,0.6394166666666666,204.34,197.8445,0.03283134,0.0,0.0
2019-05-01 08:00:00,0.6455833333333333,203.74,181.88997,0.120127734,0.0,0.0
2019-05-01 09:00:00,0.6459166666666667,185.6,171.2467,0.083816506,0.0,0.0
2019-05-01 10:00:00,0.6475833333333333,175.68,166.42675,0.055599536,0.0,0.0
2019-05-01 11:00:00,0.6603333333333333,172.15,168.68631,0.02053332,0.0,0.0
2019-05-01 12:00:00,0.6686666666666667,163.32,169.92124,0.038848822,0.0,0.0
2019-05-01 13:00:00,0.6670833333333334,170.26,163.43535,0.04175749,0.629,107.09353999999999
2019-05-01 14:00:00,0.6718333333333334,146.29,150.27389,0.02651086,0.6299166666666667,92.15050916666667
2019-05-01 15:00:00,0.6801666666666667,91.13,129.41336,0.295822317,0.6409166666666667,58.406735833333336
2019-05-01 16:00:00,0.6854166666666667,92.26,104.67277,0.118586429,0.6428333333333334,59.30780333333334
2019-05-01 17:00:00,0.6906666666666667,92.2,84.58701,0.090001881,0.63775,58.80055000000001
2019-05-01 18:00:00,0.7164999999999999,89.65,76.58667,0.170569239,0.6394166666666666,57.323704166666666
2019-05-01 19:00:00,0.6958333333333333,90.43,76.34729,0.184455925,0.6455833333333333,58.38010083333333
2019-05-01 20:00:00,0.6681666666666667,87.29,80.93255,0.078552449,0.6459166666666667,56.38206583333334
2019-05-01 21:00:00,0.62825,84.64,87.22907,0.029681275,0.6475833333333333,54.81145333333333
2019-05-01 22:00:00,0.6566666666666667,86.76,89.46272,0.030210573,0.6603333333333333,57.29052
2019-05-01 23:00:00,0.6575000000000001,94.74,92.62858,0.022794477,0.6686666666666667,63.34948000000001
2019-05-02 00:00:00,0.6706666666666666,107.71,94.25368,0.142767052,0.6670833333333334,71.85154583333333
2019-05-02 01:00:00,0.6853333333333333,127.91,122.79285,0.041673029,0.6718333333333334,85.93420166666667
2019-05-02 02:00:00,0.7059166666666666,169.31,160.0687,0.057733336,0.6801666666666667,115.15901833333334
2019-05-02 03:00:00,0.6980833333333333,217.19,189.8835,0.143806597,0.6854166666666667,148.86564583333333
2019-05-02 04:00:00,0.7081666666666666,231.37,205.00912,0.128583938,0.6906666666666667,159.79954666666666
2019-05-02 05:00:00,0.71775,232.7,207.13298,0.123432879,0.7164999999999999,166.72954999999996
2019-05-02 06:00:00,0.7186666666666666,217.56,199.3406,0.09139834,0.6958333333333333,151.3855
2019-05-02 07:00:00,0.7151666666666666,204.25,188.64168,0.082740569,0.6681666666666667,136.47304166666666
2019-05-02 08:00:00,0.7109166666666665,177.75,181.21838,0.019139229,0.62825,111.6714375
2019-05-02 09:00:00,0.7172499999999999,168.08,175.02914,0.03970276,0.6566666666666667,110.37253333333335
2019-05-02 10:00:00,0.7088333333333333,166.65,169.08722,0.014413981,0.6575000000000001,109.57237500000002
2019-05-02 11:00:00,0.7168333333333333,159.24,167.42323,0.048877506,0.6706666666666666,106.79696
2019-05-02 12:00:00,0.7034166666666666,161.72,167.7478,0.035933705,0.6853333333333333,110.83210666666668
2019-05-02 13:00:00,0.7004999999999999,155.69,161.45808,0.035724939,0.7059166666666666,109.90416583333332
2019-05-02 14:00:00,0.7046666666666667,134.43,145.61792,0.076830654,0.6980833333333333,93.84334249999999
2019-05-02 15:00:00,0.7009166666666666,91.89,121.73356,0.245154746,0.7081666666666666,65.07343499999999
2019-05-02 16:00:00,0.7014999999999999,83.17,97.71741,0.148872243,0.71775,59.6952675
2019-05-02 17:00:00,0.7211666666666666,79.5,84.17895,0.055583373,0.7186666666666666,57.13399999999999
2019-05-02 18:00:00,0.7254166666666667,77.78,83.64144,0.070078181,0.7151666666666666,55.62566333333333
2019-05-02 19:00:00,0.72025,72.52,84.32053,0.13994848,0.7109166666666665,51.555676666666656
2019-05-02 20:00:00,0.717,68.07,81.11085,0.16077812,0.7172499999999999,48.82320749999999
2019-05-02 21:00:00,0.7007499999999999,66.67,79.38754,0.160195668,0.7088333333333333,47.257918333333336
2019-05-02 22:00:00,0.69625,70.14,80.34923,0.127060707,0.7168333333333333,50.27869
2019-05-02 23:00:00,0.6940833333333334,74.33,84.7008,0.122440402,0.7034166666666666,52.28496083333332
2019-05-03 00:00:00,0.6945833333333332,85.18,80.83703,0.053725007,0.7004999999999999,59.668589999999995
2019-05-03 01:00:00,0.71475,95.73,109.26171,0.123846771,0.7046666666666667,67.45774
2019-05-03 02:00:00,0.7138333333333332,123.6,147.82662,0.163885368,0.7009166666666666,86.63329999999999
2019-05-03 03:00:00,0.7159166666666666,192.55,178.89727,0.076316033,0.7014999999999999,135.073825
2019-05-03 04:00:00,0.7126666666666667,216.49,193.42378,0.119252245,0.7211666666666666,156.12537166666667
2019-05-03 05:00:00,0.7162499999999999,203.46,193.98851,0.048825005,0.7254166666666667,147.593275
2019-05-03 06:00:00,0.7255833333333332,184.34,186.10978,0.009509334,0.72025,132.770885
2019-05-03 07:00:00,0.7275833333333334,172.76,175.96196,0.018196888,0.717,123.86891999999999
2019-05-03 08:00:00,0.7244999999999999,151.46,167.34075,0.094900674,0.7007499999999999,106.13559499999998
2019-05-03 09:00:00,0.6994166666666666,136.98,159.87179,0.143188426,0.69625,95.372325
2019-05-03 10:00:00,0.6934166666666667,141.58,156.21169,0.093665781,0.6940833333333334,98.26831833333335
2019-05-03 11:00:00,0.7034166666666666,127.6,157.26556,0.188633544,0.6945833333333332,88.62883333333332
2019-05-03 12:00:00,0.7159999999999999,120.08,157.89557,0.239497346,0.71475,85.82718
2019-05-03 13:00:00,0.7360833333333333,127.51,150.79726,0.154427607,0.7138333333333332,91.02088833333332
2019-05-03 14:00:00,0.7275833333333334,112.28,133.62438,0.159734174,0.7159166666666666,80.38312333333333
2019-05-03 15:00:00,0.7269166666666665,88.95,108.67607,0.181512545,0.7126666666666667,63.3917
2019-05-03 16:00:00,0.7291666666666666,92.49,84.63228,0.092845425,0.7162499999999999,66.24596249999999
2019-05-03 17:00:00,0.7308333333333333,88.81,71.42404,0.243418882,0.7255833333333332,64.43905583333333
2019-05-03 18:00:00,0.734,82.65,69.49364,0.189317468,0.7275833333333334,60.13476250000001
2019-05-03 19:00:00,0.71875,75.78,67.60128,0.120984691,0.7244999999999999,54.902609999999996
2019-05-03 20:00:00,0.71075,73.1,64.51547,0.133061574,0.6994166666666666,51.12735833333332
2019-05-03 21:00:00,0.6624166666666667,67.55,65.28781,0.0346495,0.6934166666666667,46.84029583333333
2019-05-03 22:00:00,0.67325,70.18,68.1348,0.030016966,0.7034166666666666,49.36578166666666
2019-05-03 23:00:00,0.7115833333333333,73.58,73.03931,0.007402726,0.7159999999999999,52.68327999999999
2019-05-04 00:00:00,0.698,82.64,76.83852,0.075502235,0.7360833333333333,60.829926666666665
2019-05-04 01:00:00,0.6946666666666667,90.77,101.76026,0.108001493,0.7275833333333334,66.04273916666666
2019-05-04 02:00:00,0.6960833333333333,105.86,138.56844,0.236045379,0.7269166666666665,76.95139833333332
2019-05-04 03:00:00,0.7040833333333333,159.7,167.90732,0.048880061,0.7291666666666666,116.44791666666666
2019-05-04 04:00:00,0.7040833333333333,180.06,180.35211,0.001619665,0.7308333333333333,131.59385
2019-05-04 05:00:00,0.7007499999999999,173.51,181.44109,0.043711653,0.734,127.35633999999999
2019-05-04 06:00:00,0.7120833333333333,149.39,176.68511,0.154484495,0.71875,107.3740625
2019-05-04 07:00:00,0.7289166666666667,145.51,168.54555,0.136672549,0.71075,103.42123249999999
2019-05-04 08:00:00,0.7218333333333332,127.89,158.96071,0.19546157,0.6624166666666667,84.7164675
2019-05-04 09:00:00,0.711,122.0,149.47962,0.183835228,0.67325,82.1365
2019-05-04 10:00:00,0.7278333333333333,116.19,145.27114,0.200185254,0.7115833333333333,82.6788675
2019-05-04 11:00:00,0.7225,107.38,148.87226,0.278710486,0.698,74.95124
2019-05-04 12:00:00,0.7044166666666666,108.11,151.53203,0.286553477,0.6946666666666667,75.10041333333334
2019-05-04 13:00:00,0.69875,119.73,144.27269,0.170113207,0.6960833333333333,83.3420575
2019-05-04 14:00:00,0.6863333333333334,111.93,126.6548,0.116259313,0.7040833333333333,78.8080475
2019-05-04 15:00:00,0.6920833333333333,92.71,105.05301,0.117493159,0.7040833333333333,65.27556583333332
2019-05-04 16:00:00,0.7004999999999999,82.26,88.12477,0.066550755,0.7007499999999999,57.643694999999994
2019-05-04 17:00:00,0.7042499999999999,76.81,79.57146,0.034704151,0.7120833333333333,54.695120833333334
2019-05-04 18:00:00,0.6565,68.58,75.99876,0.097616856,0.7289166666666667,49.989104999999995
2019-05-04 19:00:00,0.6579166666666667,66.95,69.19454,0.032438109,0.7218333333333332,48.32674166666666
2019-05-04 20:00:00,0.70025,63.15,63.40017,0.003945888,0.711,44.899649999999994
2019-05-04 21:00:00,0.6933333333333334,60.24,65.2249,0.076426334,0.7278333333333333,43.844680000000004
2019-05-04 22:00:00,0.6968333333333333,59.33,70.41027,0.157367242,0.7225,42.865925
2019-05-04 23:00:00,0.6854166666666667,60.63,74.14182,0.182242896,0.7044166666666666,42.7087825
2019-05-05 00:00:00,0.69325,68.57,92.84761,0.261478028,0.69875,47.913287499999996
2019-05-05 01:00:00,0.68375,87.12,116.00203,0.24897866,0.6863333333333334,59.79336000000001
2019-05-05 02:00:00,0.6723333333333334,117.76,146.1619,0.194318082,0.6920833333333333,81.49973333333332
2019-05-05 03:00:00,0.6804166666666668,169.38,167.32605,0.012275136,0.7004999999999999,118.65068999999998
2019-05-05 04:00:00,0.69525,193.37,174.02122,0.111186325,0.7042499999999999,136.18082249999998
2019-05-05 05:00:00,0.7146666666666667,187.95,173.19263,0.085207841,0.6565,123.38917499999998
2019-05-05 06:00:00,0.70975,174.49,168.1076,0.03796616,0.6579166666666667,114.79987916666668
2019-05-05 07:00:00,0.7128333333333333,170.38,158.29276,0.076360031,0.70025,119.308595
2019-05-05 08:00:00,0.7048333333333333,164.84,146.93833,0.121831179,0.6933333333333334,114.28906666666667
2019-05-05 09:00:00,0.7003333333333334,154.64,136.69946,0.131240753,0.6968333333333333,107.75830666666666
2019-05-05 10:00:00,0.718,151.72,130.56951,0.161986439,0.6854166666666667,103.99141666666667
2019-05-05 11:00:00,0.7188333333333333,156.54,130.91624,0.195726367,0.69325,108.521355
2019-05-05 12:00:00,0.7253333333333334,157.14,134.21843,0.170778111,0.68375,107.44447499999998
2019-05-05 13:00:00,0.7308333333333333,156.05,129.33387,0.206567158,0.6723333333333334,104.91761666666669
2019-05-05 14:00:00,0.7190833333333333,148.64,112.19603,0.32482406,0.6804166666666668,101.13713333333334
2019-05-05 15:00:00,0.7232500000000001,99.91,95.38349,0.047455907,0.69525,69.4624275
2019-05-05 16:00:00,0.7119166666666666,89.97,88.42579,0.017463344,0.7146666666666667,64.29856
2019-05-05 17:00:00,0.7063333333333333,87.8,84.71083,0.036467238,0.70975,62.31605
2019-05-05 18:00:00,0.7065833333333332,82.83,79.86135,0.03717255,0.7128333333333333,59.043985
2019-05-05 19:00:00,0.65175,80.62,73.35853,0.098986035,0.7048333333333333,56.823663333333336
2019-05-05 20:00:00,0.6565833333333334,75.27,70.58229,0.066414819,0.7003333333333334,52.71409
2019-05-05 21:00:00,0.6753333333333335,76.14,72.32236,0.052786441,0.718,54.66852
2019-05-05 22:00:00,0.6889166666666666,77.79,76.20373,0.020816173,0.7188333333333333,55.918045000000006
2019-05-05 23:00:00,0.6905833333333332,86.72,84.23958,0.029444829,0.7253333333333334,62.90090666666667
2019-05-06 00:00:00,0.6829166666666667,102.37,95.17236,0.07562742,0.7308333333333333,74.81540833333334
2019-05-06 01:00:00,0.6923333333333334,117.29,121.24095,0.032587587,0.7190833333333333,84.34128416666667
2019-05-06 02:00:00,0.6780833333333334,156.75,159.68744,0.018394935,0.7232500000000001,113.3694375
2019-05-06 03:00:00,0.6928333333333333,205.21,189.4915,0.08295095,0.7119166666666666,146.09241916666667
2019-05-06 04:00:00,0.7138333333333332,218.66,201.38761,0.085766895,0.7063333333333333,154.44684666666666
2019-05-06 05:00:00,0.7133333333333333,213.82,200.9804,0.063884837,0.7065833333333332,151.0816483333333
2019-05-06 06:00:00,0.72575,200.28,194.23634,0.031114981,0.65175,130.53249000000002
2019-05-06 07:00:00,0.7168333333333333,199.75,184.43822,0.083018476,0.6565833333333334,131.15252083333334
2019-05-06 08:00:00,0.7244166666666666,186.48,176.00738,0.059501028,0.6753333333333335,125.93616000000002
2019-05-06 09:00:00,0.7268333333333333,172.73,167.88792,0.028841146,0.6889166666666666,118.99657583333332
2019-05-06 10:00:00,0.7280833333333333,166.73,159.8697,0.042911821,0.6905833333333332,115.14095916666663
2019-05-06 11:00:00,0.7265833333333332,168.64,158.03123,0.067130845,0.6829166666666667,115.16706666666667
2019-05-06 12:00:00,0.7293333333333333,174.77,162.06046,0.078424682,0.6923333333333334,120.99909666666667
2019-05-06 13:00:00,0.73025,193.2,158.94673,0.215501571,0.6780833333333334,131.0057
2019-05-06 14:00:00,0.7265833333333332,169.37,139.70713,0.212321805,0.6928333333333333,117.34518166666666
2019-05-06 15:00:00,0.7128333333333333,102.66,109.87408,0.065657706,0.7138333333333332,73.28212999999998
2019-05-06 16:00:00,0.7186666666666666,97.02,84.06685,0.154081543,0.7133333333333333,69.20759999999999
2019-05-06 17:00:00,0.7254999999999999,98.11,70.66334,0.388414417,0.72575,71.2033325
2019-05-06 18:00:00,0.6904166666666667,95.91,71.44335,0.342462245,0.7168333333333333,68.751485
2019-05-06 19:00:00,0.668,93.69,75.97405,0.233184225,0.7244166666666666,67.87059749999999
2019-05-06 20:00:00,0.7004166666666666,88.92,79.10629,0.124057265,0.7268333333333333,64.63002
2019-05-06 21:00:00,0.7084166666666666,87.64,82.04919,0.068139734,0.7280833333333333,63.80922333333333
2019-05-06 22:00:00,0.6969166666666666,93.82,85.03967,0.103249813,0.7265833333333332,68.16804833333332
2019-05-06 23:00:00,0.7105,102.55,89.88282,0.140929935,0.7293333333333333,74.79313333333333
2019-05-07 00:00:00,0.7148333333333333,107.78,106.11828,0.015659131,0.73025,78.706345
2019-05-07 01:00:00,0.7095833333333332,120.83,134.52822,0.101824138,0.7265833333333332,87.79306416666665
2019-05-07 02:00:00,0.7069166666666665,166.3,175.1244,0.050389323,0.7128333333333333,118.54418333333334
2019-05-07 03:00:00,0.7176666666666667,211.2,205.48672,0.027803646,0.7186666666666666,151.78239999999997
2019-05-07 04:00:00,0.7299166666666667,224.26,216.14337,0.037552066,0.7254999999999999,162.70063
2019-05-07 05:00:00,0.7376666666666667,225.55,214.11966,0.053382954,0.6904166666666667,155.72347916666666
2019-05-07 06:00:00,0.7409166666666667,213.99,206.74479,0.03504422,0.668,142.94532
2019-05-07 07:00:00,0.7209166666666667,193.89,198.07537,0.021130189,0.7004166666666666,135.80378749999997
2019-05-07 08:00:00,0.7013333333333334,183.03,192.15825,0.047503815,0.7084166666666666,129.66150249999998
2019-05-07 09:00:00,0.698,176.02,185.72013,0.052229826,0.6969166666666666,122.67127166666667
2019-05-07 10:00:00,0.7244999999999999,172.03,177.46402,0.030620404,0.7105,122.227315
2019-05-07 11:00:00,0.7266666666666666,181.24,176.42696,0.027280638,0.7148333333333333,129.55639333333335
2019-05-07 12:00:00,0.7275,186.06,182.12909,0.021583098,0.7095833333333332,132.025075
2019-05-07 13:00:00,0.7314166666666666,203.65,178.14767,0.143152756,0.7069166666666665,143.96357916666665
2019-05-07 14:00:00,0.7261666666666667,176.77,154.86436,0.141450493,0.7176666666666667,126.86193666666668
2019-05-07 15:00:00,0.7164999999999999,116.67,119.51623,0.02381459,0.7299166666666667,85.1593775
2019-05-07 16:00:00,0.7155833333333333,110.42,89.85329,0.22889212,0.7376666666666667,81.45315333333333
2019-05-07 17:00:00,0.71525,107.05,76.30291,0.402960909,0.7409166666666667,79.31512916666667
2019-05-07 18:00:00,0.68525,100.11,79.82358,0.254140694,0.7209166666666667,72.1709675
2019-05-07 19:00:00,0.6701666666666667,104.26,87.21804,0.195394898,0.7013333333333334,73.12101333333334
2019-05-07 20:00:00,0.7104166666666667,102.28,90.44808,0.130814496,0.698,71.39144
2019-05-07 21:00:00,0.7193333333333333,110.96,92.06327,0.20525808,0.7244999999999999,80.39051999999998
2019-05-07 22:00:00,0.6967500000000001,123.87,94.5346,0.310313896,0.7266666666666666,90.01219999999999
2019-05-07 23:00:00,0.7036666666666666,130.67,99.35725,0.315153147,0.7275,95.06242499999999
2019-05-08 00:00:00,0.694,139.71,133.06516,0.049936738,0.7314166666666666,102.1862225
2019-05-08 01:00:00,0.6843333333333333,159.72,158.00572,0.010849481,0.7261666666666667,115.98334000000001
2019-05-08 02:00:00,0.7028333333333333,191.86,194.10031,0.011542022,0.7164999999999999,137.46769
2019-05-08 03:00:00,0.7139166666666666,240.64,224.835,0.070295995,0.7155833333333333,172.19797333333332
2019-05-08 04:00:00,0.7161666666666666,244.54,238.3492,0.025973655,0.71525,174.90723500000001
2019-05-08 05:00:00,0.7120833333333333,234.33,235.80879,0.00627114,0.68525,160.5746325
2019-05-08 06:00:00,0.715,229.84,225.74593,0.018135742,0.6701666666666667,154.0311066666667
2019-05-08 07:00:00,0.7099166666666666,228.02,216.20517,0.054646381,0.7104166666666667,161.98920833333335
2019-05-08 08:00:00,0.7058333333333332,225.68,211.37368,0.067682599,0.7193333333333333,162.33914666666666
2019-05-08 09:00:00,0.7170833333333334,216.03,205.56743,0.050896049,0.6967500000000001,150.51890250000002
2019-05-08 10:00:00,0.7331666666666666,203.31,197.86387,0.027524631,0.7036666666666666,143.06247
2019-05-08 11:00:00,0.7293333333333333,198.7,199.15526,0.002285955,0.694,137.8978
2019-05-08 12:00:00,0.7331666666666666,208.47,206.55684,0.009262148,0.6843333333333333,142.66297
2019-05-08 13:00:00,0.7321666666666666,228.01,203.14029,0.12242628,0.7028333333333333,160.25302833333333
2019-05-08 14:00:00,0.73225,192.86,180.54745,0.068195646,0.7139166666666666,137.68596833333334
2019-05-08 15:00:00,0.7114166666666666,134.99,143.96103,0.062315684,0.7161666666666666,96.67533833333333
2019-05-08 16:00:00,0.71575,127.58,111.37169,0.145533483,0.7120833333333333,90.84759166666666
2019-05-08 17:00:00,0.717,120.6,95.40072,0.264141403,0.715,86.229
2019-05-08 18:00:00,0.7151666666666666,120.24,97.50563,0.233159562,0.7099166666666666,85.36037999999999
2019-05-08 19:00:00,0.70375,117.38,103.38552,0.135362089,0.7058333333333332,82.85071666666664
2019-05-08 20:00:00,0.7003333333333334,117.2,105.82871,0.107449954,0.7170833333333334,84.04216666666667
2019-05-08 21:00:00,0.7124999999999999,117.85,109.0977,0.080224423,0.7331666666666666,86.40369166666666
2019-05-08 22:00:00,0.7195833333333334,127.49,115.071,0.107924673,0.7293333333333333,92.98270666666666
2019-05-08 23:00:00,0.7344166666666667,133.21,122.90463,0.083848509,0.7331666666666666,97.66513166666667
2019-05-09 00:00:00,0.72125,142.46,137.77486,0.034005769,0.7321666666666666,104.30446333333333
2019-05-09 01:00:00,0.7239999999999999,153.31,162.21985,0.054924536,0.73225,112.2612475
2019-05-09 02:00:00,0.7298333333333332,187.64,195.80705,0.041709683,0.7114166666666666,133.49022333333332
2019-05-09 03:00:00,0.7249166666666667,242.07,221.67258,0.092015981,0.71575,173.26160249999998
2019-05-09 04:00:00,0.7378333333333332,248.02,231.26586,0.072445367,0.717,177.83034
2019-05-09 05:00:00,0.7506666666666666,237.45,228.83811,0.037633111,0.7151666666666666,169.81632499999998
2019-05-09 06:00:00,0.75325,225.02,222.45961,0.01150946,0.70375,158.357825
2019-05-09 07:00:00,0.7418333333333332,212.94,218.8837,0.027154603,0.7003333333333334,149.12898
2019-05-09 08:00:00,0.7366666666666667,215.54,219.55522,0.018287973,0.7124999999999999,153.57224999999997
2019-05-09 09:00:00,0.7366666666666667,201.88,216.07797,0.065707624,0.7195833333333334,145.26948333333334
2019-05-09 10:00:00,0.7539166666666667,191.67,207.89981,0.078065536,0.7344166666666667,140.7656425
2019-05-09 11:00:00,0.7447499999999999,181.0,208.30923,0.131099472,0.72125,130.54625
2019-05-09 12:00:00,0.7536666666666667,172.63,215.59481,0.199284992,0.7239999999999999,124.98411999999998
2019-05-09 13:00:00,0.7500833333333333,160.1,209.71818,0.236594558,0.7298333333333332,116.84631666666664
2019-05-09 14:00:00,0.7480833333333333,132.56,183.26962,0.276694086,0.7249166666666667,96.09495333333334
2019-05-09 15:00:00,0.7531666666666667,82.29,147.69372,0.442833453,0.7378333333333332,60.716305
2019-05-09 16:00:00,0.7505833333333333,92.31,121.21645,0.238469696,0.7506666666666666,69.29404
2019-05-09 17:00:00,0.7535833333333333,89.21,110.77996,0.194709946,0.75325,67.19743249999999
2019-05-09 18:00:00,0.7527499999999999,81.06,113.11211,0.283365857,0.7418333333333332,60.13300999999999
2019-05-09 19:00:00,0.7354166666666666,75.88,115.8903,0.345242872,0.7366666666666667,55.898266666666665
2019-05-09 20:00:00,0.7093333333333334,69.73,114.14296,0.389099424,0.7366666666666667,51.36776666666667
2019-05-09 21:00:00,0.6973333333333332,72.39,114.39852,0.367212093,0.7539166666666667,54.5760275
2019-05-09 22:00:00,0.7176666666666667,80.98,119.67187,0.323316332,0.7447499999999999,60.309855
2019-05-09 23:00:00,0.7305833333333333,101.79,127.69363,0.202857652,0.7536666666666667,76.71573000000001
2019-05-10 00:00:00,0.727,118.76,90.04765,0.318857294,0.7500833333333333,89.07989666666667
2019-05-10 01:00:00,0.7274166666666666,141.76,119.12583,0.190002202,0.7480833333333333,106.04829333333332
2019-05-10 02:00:00,0.7381666666666667,174.99,159.24634,0.098863559,0.7531666666666667,131.796635
2019-05-10 03:00:00,0.7279166666666667,227.58,188.37366,0.208130691,0.7505833333333333,170.817755
2019-05-10 04:00:00,0.7371666666666666,232.69,198.94938,0.169593994,0.7535833333333333,175.35130583333333
2019-05-10 05:00:00,0.7533333333333333,228.53,197.89966,0.154777123,0.7527499999999999,172.02595749999998
2019-05-10 06:00:00,0.7489166666666667,211.07,191.98683,0.099398329,0.7354166666666666,155.22439583333332
2019-05-10 07:00:00,0.7670833333333333,199.53,187.58841,0.063658464,0.7093333333333334,141.53328000000002
2019-05-10 08:00:00,0.7606666666666667,198.62,186.45385,0.065250195,0.6973333333333332,138.50434666666666
2019-05-10 09:00:00,0.7520000000000001,187.28,182.55208,0.02589902,0.7176666666666667,134.40461333333334
2019-05-10 10:00:00,0.7580833333333333,177.13,176.47553,0.003708559,0.7305833333333333,129.40822583333332
2019-05-10 11:00:00,0.7594166666666666,168.91,174.3777,0.0313555,0.727,122.79757
2019-05-10 12:00:00,0.7607499999999999,168.86,173.43923,0.026402504,0.7274166666666666,122.83157833333333
2019-05-10 13:00:00,0.7559999999999999,169.13,164.42441,0.028618561,0.7381666666666667,124.84612833333334
2019-05-10 14:00:00,0.75025,147.7,146.0037,0.011618199,0.7279166666666667,107.51329166666666
2019-05-10 15:00:00,0.7358333333333333,98.85,123.6331,0.200456836,0.7371666666666666,72.86892499999999
2019-05-10 16:00:00,0.74675,97.97,104.00118,0.057991457,0.7533333333333333,73.80406666666666
2019-05-10 17:00:00,0.74925,97.49,91.76562,0.062380443,0.7489166666666667,73.01188583333332
2019-05-10 18:00:00,0.7460833333333333,94.19,87.28184,0.079147736,0.7670833333333333,72.25157916666666
2019-05-10 19:00:00,0.7432500000000001,93.91,83.48798,0.124832581,0.7606666666666667,71.43420666666667
2019-05-10 20:00:00,0.7432500000000001,100.41,79.01203,0.27081914,0.7520000000000001,75.50832000000001
2019-05-10 21:00:00,0.7225833333333332,107.47,78.34735,0.371711998,0.7580833333333333,81.47121583333333
2019-05-10 22:00:00,0.7301666666666667,121.04,80.39589,0.5055496,0.7594166666666666,91.91979333333333
2019-05-10 23:00:00,0.7389166666666666,139.86,83.93891,0.666211772,0.7607499999999999,106.398495
2019-05-11 00:00:00,0.7441666666666666,156.38,147.40285,0.060902147,0.7559999999999999,118.22327999999997
2019-05-11 01:00:00,0.7386666666666667,168.71,175.53679,0.038890936,0.75025,126.5746775
2019-05-11 02:00:00,0.7269166666666665,204.43,210.58219,0.029215149,0.7358333333333333,150.42640833333334
2019-05-11 03:00:00,0.7364166666666666,256.18,233.33313,0.097915242,0.74675,191.30241500000002
2019-05-11 04:00:00,0.7447499999999999,260.81,237.83672,0.096592654,0.74925,195.4118925
2019-05-11 05:00:00,0.7444999999999999,252.01,232.70775,0.082946314,0.7460833333333333,188.02046083333332
2019-05-11 06:00:00,0.7479166666666667,243.59,224.05795,0.087174099,0.7432500000000001,181.0482675
2019-05-11 07:00:00,0.7541666666666668,239.47,215.05742,0.113516567,0.7432500000000001,177.98607750000002
2019-05-11 08:00:00,0.7525,240.04,208.32377,0.152244893,0.7225833333333332,173.4489033333333
2019-05-11 09:00:00,0.7521666666666667,232.34,200.63227,0.158039033,0.7301666666666667,169.64692333333335
2019-05-11 10:00:00,0.7520000000000001,229.02,193.27302,0.184955872,0.7389166666666666,169.22669499999998
2019-05-11 11:00:00,0.7524166666666666,218.16,194.87607,0.119480704,0.7441666666666666,162.3474
2019-05-11 12:00:00,0.7380833333333333,222.44,200.38032,0.110089055,0.7386666666666667,164.30901333333333
2019-05-11 13:00:00,0.73375,226.79,195.09568,0.162455263,0.7269166666666665,164.8574308333333
2019-05-11 14:00:00,0.7344166666666667,206.51,174.77716,0.18156171,0.7364166666666666,152.0774058333333
2019-05-11 15:00:00,0.7326666666666667,169.75,146.53023,0.158464025,0.7447499999999999,126.42131249999998
2019-05-11 16:00:00,0.7403333333333334,154.06,123.6729,0.245705405,0.7444999999999999,114.69766999999999
2019-05-11 17:00:00,0.7248333333333333,154.04,111.77457,0.378131001,0.7479166666666667,115.20908333333333
2019-05-11 18:00:00,0.6795833333333334,151.36,111.22772,0.360811855,0.7541666666666668,114.1506666666667
2019-05-11 19:00:00,0.7116666666666666,156.67,114.27398,0.371003268,0.7525,117.89417499999998
2019-05-11 20:00:00,0.7194166666666666,164.08,117.34221,0.398303304,0.7521666666666667,123.41550666666667
2019-05-11 21:00:00,0.7174166666666667,167.2,121.66266,0.374291833,0.7520000000000001,125.73440000000001
2019-05-11 22:00:00,0.7154166666666666,174.96,126.57367,0.382278005,0.7524166666666666,131.64282
2019-05-11 23:00:00,0.7001666666666666,174.79,133.51234,0.309167377,0.7380833333333333,129.00958583333332
2019-05-12 00:00:00,0.6906666666666667,178.54,182.51199,0.021762899,0.73375,131.003725
2019-05-12 01:00:00,0.7070833333333333,188.38,202.11854,0.067972686,0.7344166666666667,138.34941166666667
2019-05-12 02:00:00,0.7066666666666667,223.71,227.52732,0.016777414,0.7326666666666667,163.90486
2019-05-12 03:00:00,0.7104166666666667,270.34,246.28011,0.097693192,0.7403333333333334,200.14171333333334
2019-05-12 04:00:00,0.7272500000000001,275.53,252.17732,0.092604204,0.7248333333333333,199.71332833333332
2019-05-12 05:00:00,0.7301666666666667,263.11,249.38832,0.055021342,0.6795833333333334,178.80517083333336
2019-05-12 06:00:00,0.7375833333333333,247.88,243.37838,0.018496384,0.7116666666666666,176.4079333333333
2019-05-12 07:00:00,0.7479166666666667,229.41,239.13565,0.040670013,0.7194166666666666,165.04137749999998
2019-05-12 08:00:00,0.74225,232.54,237.66908,0.021580763,0.7174166666666667,166.82807166666666
2019-05-12 09:00:00,0.7476666666666666,229.61,234.35547,0.020249026,0.7154166666666666,164.26682083333333
2019-05-12 10:00:00,0.747,226.6,229.63302,0.013208118,0.7001666666666666,158.65776666666665
2019-05-12 11:00:00,0.7434166666666666,230.59,230.97599,0.001671126,0.6906666666666667,159.26082666666667
2019-05-12 12:00:00,0.7348333333333333,229.78,235.19982,0.02304347,0.7070833333333333,162.47360833333332
2019-05-12 13:00:00,0.7230833333333333,230.99,229.38763,0.006985425,0.7066666666666667,163.23293333333334
2019-05-12 14:00:00,0.7301666666666667,210.01,210.1057,0.000455485,0.7104166666666667,149.19460416666666
2019-05-12 15:00:00,0.7294999999999999,157.04,181.50176,0.13477423,0.7272500000000001,114.20734
2019-05-12 16:00:00,0.7308333333333333,136.38,157.56196,0.134435748,0.7301666666666667,99.58013000000001
2019-05-12 17:00:00,0.70175,132.14,147.37765,0.103391864,0.7375833333333333,97.46426166666664
2019-05-12 18:00:00,0.6899166666666666,132.98,151.05813,0.119676644,0.7479166666666667,99.45795833333332
2019-05-12 19:00:00,0.73225,134.4,156.47835,0.141095238,0.74225,99.7584
2019-05-12 20:00:00,0.7199166666666666,136.68,157.28574,0.131008316,0.7476666666666666,102.19108
2019-05-12 21:00:00,0.7360000000000001,142.6,158.74863,0.101724531,0.747,106.5222
2019-05-12 22:00:00,0.729,149.26,163.30423,0.086000406,0.7434166666666666,110.96237166666666
2019-05-12 23:00:00,0.6996666666666665,156.86,169.82301,0.076332471,0.7348333333333333,115.26595666666668
2019-05-13 00:00:00,0.7068333333333333,160.43,172.19146,0.068304549,0.7230833333333333,116.00425916666667
2019-05-13 01:00:00,0.6970833333333334,175.05,203.1046,0.138128826,0.7301666666666667,127.81567500000003
2019-05-13 02:00:00,0.7104166666666667,211.18,235.08781,0.101697362,0.7294999999999999,154.05580999999998
2019-05-13 03:00:00,0.7162499999999999,259.25,253.9732,0.020776995,0.7308333333333333,189.46854166666668
2019-05-13 04:00:00,0.7173333333333334,264.22,256.84157,0.028727554,0.70175,185.41638500000002
2019-05-13 05:00:00,0.7288333333333333,249.8,251.43085,0.006486276,0.6899166666666666,172.34118333333333
2019-05-13 06:00:00,0.7304166666666667,243.8,242.55952,0.005114126,0.73225,178.52255
2019-05-13 07:00:00,0.7559166666666667,240.08,233.8873,0.026477282,0.7199166666666666,172.83759333333333
2019-05-13 08:00:00,0.7479166666666667,240.62,228.22165,0.054325915,0.7360000000000001,177.09632000000002
2019-05-13 09:00:00,0.7335833333333333,232.79,221.99552,0.048624765,0.729,169.70390999999998
2019-05-13 10:00:00,0.7386666666666667,226.11,215.04963,0.051431709,0.6996666666666665,158.20163
2019-05-13 11:00:00,0.7394166666666666,229.06,216.17115,0.059623359,0.7068333333333333,161.90724333333333
2019-05-13 12:00:00,0.7272500000000001,233.23,222.01635,0.050508217,0.6970833333333334,162.58074583333334
2019-05-13 13:00:00,0.7287499999999999,236.24,214.61893,0.100741673,0.7104166666666667,167.82883333333334
2019-05-13 14:00:00,0.7315833333333334,213.12,188.97979,0.127739638,0.7162499999999999,152.6472
2019-05-13 15:00:00,0.7233333333333333,156.05,155.23116,0.005274972,0.7173333333333334,111.93986666666669
2019-05-13 16:00:00,0.7358333333333333,131.84,130.79346,0.00800147,0.7288333333333333,96.08938666666667
2019-05-13 17:00:00,0.7273333333333333,127.04,122.08848,0.040556816,0.7304166666666667,92.79213333333334
2019-05-13 18:00:00,0.7099166666666666,126.29,125.16869,0.00895839,0.7559166666666667,95.46471583333334
2019-05-13 19:00:00,0.7141666666666667,124.25,128.53288,0.033321279,0.7479166666666667,92.92864583333333
2019-05-13 20:00:00,0.7171666666666666,138.67,129.18025,0.073461307,0.7335833333333333,101.72600083333332
2019-05-13 21:00:00,0.7306666666666667,142.67,132.46174,0.077065725,0.7386666666666667,105.38557333333333
2019-05-13 22:00:00,0.7102499999999999,150.8,138.59695,0.088047031,0.7394166666666666,111.50403333333334
2019-05-13 23:00:00,0.7245833333333334,166.47,148.50366,0.120982473,0.7272500000000001,121.0653075
2019-05-14 00:00:00,0.71525,171.09,167.34465,0.022381056,0.7287499999999999,124.68183749999999
2019-05-14 01:00:00,0.7076666666666666,182.88,192.07213,0.047857698,0.7315833333333334,133.79196
2019-05-14 02:00:00,0.7100833333333333,212.76,221.59299,0.039861324,0.7233333333333333,153.89639999999997
2019-05-14 03:00:00,0.7005833333333333,254.5,241.97102,0.051778845,0.7358333333333333,187.26958333333334
2019-05-14 04:00:00,0.7249166666666667,260.62,247.03874,0.054976236,0.7273333333333333,189.55761333333334
2019-05-14 05:00:00,0.7250833333333334,250.01,242.14222,0.032492392,0.7099166666666666,177.48626583333333
2019-05-14 06:00:00,0.7359166666666667,240.58,234.59479,0.025512971,0.7141666666666667,171.81421666666668
2019-05-14 07:00:00,0.7250833333333334,229.21,229.65319,0.001929823,0.7171666666666666,164.38177166666665
2019-05-14 08:00:00,0.7441666666666666,241.76,227.63334,0.062058835,0.7306666666666667,176.64597333333333
2019-05-14 09:00:00,0.7341666666666667,242.31,222.09359,0.091026535,0.7102499999999999,172.1006775
2019-05-14 10:00:00,0.7388333333333333,232.99,214.05583,0.088454353,0.7245833333333334,168.82067083333334
2019-05-14 11:00:00,0.7378333333333332,242.43,215.72435,0.123795251,0.71525,173.39805750000002
2019-05-14 12:00:00,0.742,248.03,223.69498,0.108786616,0.7076666666666666,175.5225633333333
2019-05-14 13:00:00,0.7326666666666667,256.57,217.42696,0.180028456,0.7100833333333333,182.1860808333333
2019-05-14 14:00:00,0.7330833333333334,245.07,190.4635,0.286703227,0.7005833333333333,171.6919575
2019-05-14 15:00:00,0.7020833333333334,204.49,155.44001,0.315555757,0.7249166666666667,148.23820916666668
2019-05-14 16:00:00,0.7336666666666667,184.01,131.67966,0.397406403,0.7250833333333334,133.42258416666667
2019-05-14 17:00:00,0.7350833333333333,163.95,124.29389,0.319051162,0.7359166666666667,120.65353749999998
2019-05-14 18:00:00,0.7001666666666666,165.65,128.13628,0.292764235,0.7250833333333334,120.11005416666669
2019-05-14 19:00:00,0.6890833333333334,170.31,131.16973,0.298394073,0.7441666666666666,126.739025
2019-05-14 20:00:00,0.6807500000000001,170.02,130.96838,0.298175941,0.7341666666666667,124.82301666666669
2019-05-14 21:00:00,0.70325,174.29,134.13239,0.299387866,0.7388333333333333,128.77126166666667
2019-05-14 22:00:00,0.6966666666666667,179.36,141.21127,0.270153579,0.7378333333333332,132.33778666666666
2019-05-14 23:00:00,0.70275,182.5,150.56511,0.2121002,0.742,135.415
2019-05-15 00:00:00,0.698,182.91,174.1836,0.050098861,0.7326666666666667,134.01206
2019-05-15 01:00:00,0.7200000000000001,197.22,192.93316,0.022219301,0.7330833333333334,144.578695
2019-05-15 02:00:00,0.7305833333333333,224.79,220.541,0.019266259,0.7020833333333334,157.8213125
2019-05-15 03:00:00,0.7239999999999999,253.85,240.95686,0.053508084,0.7336666666666667,186.24128333333334
2019-05-15 04:00:00,0.7425,260.39,245.97908,0.058585958,0.7350833333333333,191.40834916666665
2019-05-15 05:00:00,0.7364166666666666,253.27,241.54739,0.048531305,0.7001666666666666,177.33121166666666
2019-05-15 06:00:00,0.7134166666666667,249.5,236.68797,0.054130466,0.6890833333333334,171.92629166666669
2019-05-15 07:00:00,0.7040833333333333,242.2,235.98909,0.026318632,0.6807500000000001,164.87765000000002
2019-05-15 08:00:00,0.73975,236.41,236.60898,0.000840966,0.70325,166.2553325
2019-05-15 09:00:00,0.7428333333333333,234.62,232.2722,0.010107968,0.6966666666666667,163.45193333333333
2019-05-15 10:00:00,0.739,241.11,226.75245,0.063318169,0.70275,169.4400525
2019-05-15 11:00:00,0.738,246.1,230.50223,0.067668629,0.698,171.77779999999998
2019-05-15 12:00:00,0.747,251.27,238.1494,0.055093987,0.7200000000000001,180.91440000000003
2019-05-15 13:00:00,0.7535,250.56,231.93508,0.080302298,0.7305833333333333,183.05496
2019-05-15 14:00:00,0.74225,231.0,209.2664,0.103856137,0.7239999999999999,167.24399999999997
2019-05-15 15:00:00,0.7468333333333333,181.58,178.64934,0.016404539,0.7425,134.82315000000003
2019-05-15 16:00:00,0.73725,161.02,155.20383,0.037474397,0.7364166666666666,118.57781166666666
2019-05-15 17:00:00,0.7192500000000001,155.73,145.26673,0.072027986,0.7134166666666667,111.1003775
2019-05-15 18:00:00,0.6905833333333334,155.99,146.93668,0.061613751,0.7040833333333333,109.82995916666667
2019-05-15 19:00:00,0.6767500000000001,149.9,149.69556,0.001365705,0.73975,110.888525
2019-05-15 20:00:00,0.7128333333333333,150.81,149.87366,0.006247529,0.7428333333333333,112.026695
2019-05-15 21:00:00,0.7315833333333334,155.48,153.4132,0.013472113,0.739,114.89971999999999
2019-05-15 22:00:00,0.7204166666666666,169.5,160.44384,0.056444423,0.738,125.091
2019-05-15 23:00:00,0.7161666666666666,179.14,166.34627,0.076910231,0.747,133.81758
2019-05-16 00:00:00,0.7015833333333332,188.68,169.62056,0.112365152,0.7535,142.17038
2019-05-16 01:00:00,0.6960000000000001,196.17,191.59946,0.02385466,0.74225,145.6071825
2019-05-16 02:00:00,0.71375,224.17,220.97445,0.014461174,0.7468333333333333,167.41762833333334
2019-05-16 03:00:00,0.7146666666666667,271.93,243.05975,0.118778407,0.73725,200.4803925
2019-05-16 04:00:00,0.7364166666666666,275.27,250.12622,0.100524367,0.7192500000000001,197.9879475
2019-05-16 05:00:00,0.7555000000000001,265.56,246.2346,0.07848369,0.6905833333333334,183.39131000000003
2019-05-16 06:00:00,0.7535833333333333,256.55,239.16683,0.072682194,0.6767500000000001,173.62021250000004
2019-05-16 07:00:00,0.7385833333333333,247.55,235.21476,0.052442457,0.7128333333333333,176.46189166666667
2019-05-16 08:00:00,0.7503333333333333,254.2,233.85693,0.086989383,0.7315833333333334,185.96848333333332
2019-05-16 09:00:00,0.7545000000000001,242.04,229.04509,0.056735161,0.7204166666666666,174.36964999999998
2019-05-16 10:00:00,0.7559166666666667,237.84,223.23732,0.065413256,0.7161666666666666,170.33308
2019-05-16 11:00:00,0.7549166666666666,240.4,226.4768,0.061477379,0.7015833333333332,168.66063333333332
2019-05-16 12:00:00,0.75575,235.94,232.90619,0.013025888,0.6960000000000001,164.21424000000002
2019-05-16 13:00:00,0.7564166666666666,239.02,224.78716,0.063316962,0.71375,170.600525
2019-05-16 14:00:00,0.7538333333333332,226.44,200.26954,0.130676188,0.7146666666666667,161.82912
2019-05-16 15:00:00,0.7255833333333334,188.05,168.37399,0.116858964,0.7364166666666666,138.48315416666665
2019-05-16 16:00:00,0.73175,160.7,144.45139,0.112484968,0.7555000000000001,121.40885
2019-05-16 17:00:00,0.72025,152.96,135.429,0.129447903,0.7535833333333333,115.26810666666667
2019-05-16 18:00:00,0.7014166666666667,152.06,138.46568,0.098178263,0.7385833333333333,112.30898166666665
2019-05-16 19:00:00,0.6714166666666667,155.09,141.34129,0.097273132,0.7503333333333333,116.36919666666667
2019-05-16 20:00:00,0.6737500000000001,155.44,140.84694,0.103609351,0.7545000000000001,117.27948
2019-05-16 21:00:00,0.6725833333333333,167.47,144.18237,0.161515101,0.7559166666666667,126.59336416666667
2019-05-16 22:00:00,0.69625,175.73,151.00865,0.163708172,0.7549166666666666,132.6615058333333
2019-05-16 23:00:00,0.7146666666666667,189.77,157.38882,0.205740027,0.75575,143.4186775
2019-05-17 00:00:00,0.7124166666666666,194.26,173.44854,0.119986366,0.7564166666666666,146.94150166666665
2019-05-17 01:00:00,0.715,195.03,199.39565,0.021894409,0.7538333333333332,147.02011499999998
2019-05-17 02:00:00,0.7200833333333333,224.22,228.54152,0.018909124,0.7255833333333334,162.690295
2019-05-17 03:00:00,0.7178333333333332,261.94,246.54466,0.062444427,0.73175,191.674595
2019-05-17 04:00:00,0.7401666666666666,262.1,249.7619,0.049399448,0.72025,188.777525
2019-05-17 05:00:00,0.7480833333333333,252.37,245.15121,0.029446275,0.7014166666666667,177.01652416666667
2019-05-17 06:00:00,0.7134999999999999,255.63,238.48348,0.071898146,0.6714166666666667,171.6342425
2019-05-17 07:00:00,0.7099166666666666,243.51,234.13875,0.040024345,0.6737500000000001,164.0648625
2019-05-17 08:00:00,0.7501666666666668,246.37,232.32116,0.060471633,0.6725833333333333,165.70435583333332
2019-05-17 09:00:00,0.7535833333333333,235.61,227.11679,0.037395782,0.69625,164.0434625
2019-05-17 10:00:00,0.7552500000000001,232.64,219.79157,0.058457338,0.7146666666666667,166.26005333333333
2019-05-17 11:00:00,0.7578333333333332,225.46,220.4557,0.022699799,0.7124166666666666,160.62146166666665
2019-05-17 12:00:00,0.753,227.06,226.02011,0.004600874,0.715,162.34789999999998
2019-05-17 13:00:00,0.7434166666666666,230.36,219.72482,0.04840227,0.7200833333333333,165.87839666666667
2019-05-17 14:00:00,0.74025,221.7,196.67041,0.127266679,0.7178333333333332,159.14364999999995
2019-05-17 15:00:00,0.7294166666666667,185.57,165.24384,0.123007066,0.7401666666666666,137.35272833333332
2019-05-17 16:00:00,0.725,164.59,141.24918,0.165245703,0.7480833333333333,123.12703583333334
2019-05-17 17:00:00,0.7179166666666666,154.72,131.71297,0.174675508,0.7134999999999999,110.39271999999998
2019-05-17 18:00:00,0.7058333333333334,145.4,134.51105,0.080952085,0.7099166666666666,103.22188333333334
2019-05-17 19:00:00,0.69625,138.33,138.3637,0.000243561,0.7501666666666668,103.77055500000002
2019-05-17 20:00:00,0.73225,141.73,139.12408,0.018730906,0.7535833333333333,106.80536583333331
2019-05-17 21:00:00,0.7338333333333332,154.16,142.05114,0.085242962,0.7552500000000001,116.42934000000001
2019-05-17 22:00:00,0.7289166666666667,168.76,147.66699,0.142841741,0.7578333333333332,127.8919533333333
2019-05-17 23:00:00,0.7214166666666667,178.85,155.81048,0.147868872,0.753,134.67405
2019-05-18 00:00:00,0.719,193.6,172.0055,0.125545404,0.7434166666666666,143.92546666666667
2019-05-18 01:00:00,0.7134999999999999,194.76,197.55165,0.014131241,0.74025,144.17109
2019-05-18 02:00:00,0.7204999999999999,235.38,226.22832,0.040453291,0.7294166666666667,171.690095
2019-05-18 03:00:00,0.70775,270.53,243.26053,0.112099854,0.725,196.13424999999998
2019-05-18 04:00:00,0.7370833333333334,278.2,246.37567,0.129169938,0.7179166666666666,199.72441666666666
2019-05-18 05:00:00,0.7279166666666667,272.27,242.66607,0.121994517,0.7058333333333334,192.17724166666667
2019-05-18 06:00:00,0.7146666666666667,258.99,237.20754,0.0918287,0.69625,180.32178750000003
2019-05-18 07:00:00,0.7418333333333332,247.69,234.46961,0.056384237,0.73225,181.37100249999997
2019-05-18 08:00:00,0.7346666666666666,240.36,234.083,0.026815275,0.7338333333333332,176.38418
2019-05-18 09:00:00,0.7330833333333334,234.9,229.37859,0.024071165,0.7289166666666667,171.222525
2019-05-18 10:00:00,0.7275833333333334,227.89,222.93293,0.022235701,0.7214166666666667,164.40364416666665
2019-05-18 11:00:00,0.7243333333333334,229.53,224.35146,0.023082266,0.719,165.03207
2019-05-18 12:00:00,0.71525,228.7,228.82526,0.000547405,0.7134999999999999,163.17744999999996
2019-05-18 13:00:00,0.7224166666666667,237.32,221.5889,0.070992274,0.7204999999999999,170.98905999999997
2019-05-18 14:00:00,0.7285833333333334,226.89,200.68546,0.13057518,0.70775,160.58139749999998
2019-05-18 15:00:00,0.7305833333333333,197.18,171.8396,0.147465427,0.7370833333333334,145.33809166666668
2019-05-18 16:00:00,0.7351666666666666,177.65,147.15764,0.207208814,0.7279166666666667,129.31439583333332
2019-05-18 17:00:00,0.7363333333333334,173.74,134.54314,0.291333025,0.7146666666666667,124.16618666666668
2019-05-18 18:00:00,0.7085833333333333,167.82,134.62426,0.246580668,0.7418333333333332,124.49446999999998
2019-05-18 19:00:00,0.6818333333333334,173.11,137.49332,0.259042985,0.7346666666666666,127.17814666666666
2019-05-18 20:00:00,0.7150833333333333,172.52,138.32872,0.247174123,0.7330833333333334,126.4715366666667
2019-05-18 21:00:00,0.7193333333333333,181.37,141.97373,0.277489857,0.7275833333333334,131.96178916666668
2019-05-18 22:00:00,0.7176666666666667,185.49,148.3166,0.250635465,0.7243333333333334,134.35659
2019-05-18 23:00:00,0.7201666666666666,193.31,156.18395,0.237707204,0.71525,138.26497750000001
2019-05-19 00:00:00,0.7045833333333333,208.11,180.85333,0.150711463,0.7224166666666667,150.34213250000002
2019-05-19 01:00:00,0.6973333333333334,222.48,201.75173,0.102741473,0.7285833333333334,162.09522
2019-05-19 02:00:00,0.6866666666666666,239.85,229.4948,0.04512172,0.7305833333333333,175.23041249999997
2019-05-19 03:00:00,0.6791666666666667,271.97,248.60768,0.09397264,0.7351666666666666,199.94327833333335
2019-05-19 04:00:00,0.6815000000000001,271.29,253.51994,0.070093343,0.7363333333333334,199.75987000000003
2019-05-19 05:00:00,0.7206666666666667,260.37,250.37337,0.03992689,0.7085833333333333,184.4938425
2019-05-19 06:00:00,0.69475,256.32,244.69829,0.047494038,0.6818333333333334,174.76752000000002
2019-05-19 07:00:00,0.7393333333333333,252.23,240.52704,0.048655486,0.7150833333333333,180.36546916666666
2019-05-19 08:00:00,0.7344166666666667,242.25,238.22372,0.016901256,0.7193333333333333,174.2585
2019-05-19 09:00:00,0.7370833333333334,237.13,234.02308,0.013276126,0.7176666666666667,170.18029666666666
2019-05-19 10:00:00,0.73575,229.12,229.75931,0.002782521,0.7201666666666666,165.00458666666665
2019-05-19 11:00:00,0.7236666666666666,234.66,232.20754,0.0105615,0.7045833333333333,165.337525
2019-05-19 12:00:00,0.6967500000000001,234.92,236.67443,0.007412841,0.6973333333333334,163.81754666666666
2019-05-19 13:00:00,0.6934166666666667,230.26,231.1291,0.003760236,0.6866666666666666,158.11186666666666
2019-05-19 14:00:00,0.7055833333333332,215.25,214.47388,0.003618716,0.6791666666666667,146.190625
2019-05-19 15:00:00,0.7047499999999999,173.09,188.67083,0.082582082,0.6815000000000001,117.96083500000002
2019-05-19 16:00:00,0.7119166666666666,155.52,164.63367,0.055357267,0.7206666666666667,112.07808000000001
2019-05-19 17:00:00,0.6955,144.34,151.43723,0.04686582,0.69475,100.280215
2019-05-19 18:00:00,0.6655000000000001,142.77,151.44529,0.057283327,0.7393333333333333,105.55462
2019-05-19 19:00:00,0.7061666666666667,156.97,154.95889,0.012978345,0.7344166666666667,115.28138416666667
2019-05-19 20:00:00,0.6983333333333333,157.62,156.20193,0.009078441,0.7370833333333334,116.17907500000001
2019-05-19 21:00:00,0.6964999999999999,171.34,159.01079,0.077536939,0.73575,126.063405
2019-05-19 22:00:00,0.7110833333333333,176.63,164.18489,0.075799363,0.7236666666666666,127.82124333333331
2019-05-19 23:00:00,0.6815000000000001,183.44,169.57772,0.08174588,0.6967500000000001,127.81182000000001
2019-05-20 00:00:00,0.6839166666666667,190.55,178.49915,0.067512086,0.6934166666666667,132.13054583333334
2019-05-20 01:00:00,0.6990833333333333,200.7,203.57694,0.014131954,0.7055833333333332,141.61057499999998
2019-05-20 02:00:00,0.71175,233.11,232.86968,0.001031994,0.7047499999999999,164.2842725
2019-05-20 03:00:00,0.7035,273.59,249.61715,0.096038473,0.7119166666666666,194.7732808333333
2019-05-20 04:00:00,0.7324999999999999,274.96,250.35739,0.098269957,0.6955,191.23468
2019-05-20 05:00:00,0.7404166666666666,261.6,244.72839,0.068940142,0.6655000000000001,174.09480000000005
2019-05-20 06:00:00,0.7408333333333333,248.58,238.96624,0.04023062,0.7061666666666667,175.53891000000002
2019-05-20 07:00:00,0.7475833333333334,235.07,235.61412,0.002309369,0.6983333333333333,164.15721666666664
2019-05-20 08:00:00,0.74025,215.26,233.83924,0.079453046,0.6964999999999999,149.92858999999999
2019-05-20 09:00:00,0.7345,213.33,228.74889,0.067405311,0.7110833333333333,151.6954075
2019-05-20 10:00:00,0.7395,208.07,222.66355,0.065540813,0.6815000000000001,141.79970500000002
2019-05-20 11:00:00,0.74575,212.15,225.13857,0.057691448,0.6839166666666667,145.09292083333335
2019-05-20 12:00:00,0.7488333333333334,219.88,231.37616,0.049686018,0.6990833333333333,153.71444333333332
2019-05-20 13:00:00,0.73825,219.07,224.43119,0.023887901,0.71175,155.9230725
2019-05-20 14:00:00,0.74375,215.84,201.29432,0.072260757,0.7035,151.84344000000002
2019-05-20 15:00:00,0.7328333333333333,165.68,170.80082,0.029981238,0.7324999999999999,121.36059999999999
2019-05-20 16:00:00,0.7409166666666667,149.08,147.8833,0.008092192,0.7404166666666666,110.38131666666666
2019-05-20 17:00:00,0.7295833333333333,139.59,138.20049,0.010054306,0.7408333333333333,103.412925
2019-05-20 18:00:00,0.6897500000000001,144.19,140.12709,0.028994465,0.7475833333333334,107.79404083333334
2019-05-20 19:00:00,0.68425,148.53,144.01321,0.03136372,0.74025,109.9493325
2019-05-20 20:00:00,0.6967499999999999,153.18,145.66753,0.051572715,0.7345,112.51071000000002
2019-05-20 21:00:00,0.7141666666666667,164.38,149.44897,0.099907212,0.7395,121.55901
2019-05-20 22:00:00,0.71875,171.94,155.65766,0.104603525,0.74575,128.224255
2019-05-20 23:00:00,0.6999999999999998,181.32,163.1967,0.111051878,0.7488333333333334,135.77846
2019-05-21 00:00:00,0.7034166666666666,179.41,178.57499,0.004675963,0.73825,132.4494325
2019-05-21 01:00:00,0.694,186.46,206.94371,0.098982037,0.74375,138.67962500000002
2019-05-21 02:00:00,0.6976666666666667,217.99,238.71245,0.086809255,0.7328333333333333,159.75033833333333
2019-05-21 03:00:00,0.6871666666666667,257.04,257.01893,8.2e-05,0.7409166666666667,190.44522
2019-05-21 04:00:00,0.6881666666666666,262.58,258.57197,0.015500636,0.7295833333333333,191.57399166666664
2019-05-21 05:00:00,0.7269166666666665,260.57,253.18561,0.029165915,0.6897500000000001,179.7281575
2019-05-21 06:00:00,0.7230833333333333,242.9,245.78255,0.01172805,0.68425,166.204325
2019-05-21 07:00:00,0.719,228.04,238.05369,0.042064838,0.6967499999999999,158.88686999999996
2019-05-21 08:00:00,0.7001666666666666,216.45,232.18992,0.067788989,0.7141666666666667,154.581375
2019-05-21 09:00:00,0.7003333333333334,210.6,226.53762,0.070353083,0.71875,151.36875
2019-05-21 10:00:00,0.73875,210.22,221.37719,0.050399005,0.6999999999999998,147.15399999999997
2019-05-21 11:00:00,0.74525,210.14,223.3724,0.05923919,0.7034166666666666,147.8159783333333
2019-05-21 12:00:00,0.7433333333333333,210.99,229.17756,0.079360126,0.694,146.42705999999998
2019-05-21 13:00:00,0.74125,205.2,224.74566,0.086967909,0.6976666666666667,143.16119999999998
2019-05-21 14:00:00,0.73,195.94,206.50506,0.051161265,0.6871666666666667,134.64343666666667
2019-05-21 15:00:00,0.7293333333333333,149.67,177.81605,0.158287455,0.6881666666666666,102.99790499999997
2019-05-21 16:00:00,0.7239999999999999,137.06,152.07124,0.098711893,0.7269166666666665,99.63119833333332
2019-05-21 17:00:00,0.72025,133.18,138.78671,0.040398032,0.7230833333333333,96.30023833333334
2019-05-21 18:00:00,0.7091666666666666,134.72,139.12479,0.031660713,0.719,96.86368
2019-05-21 19:00:00,0.6721666666666667,138.97,143.2447,0.029841942,0.7001666666666666,97.30216166666666
2019-05-21 20:00:00,0.6508333333333334,144.05,145.73142,0.0115378,0.7003333333333334,100.88301666666668
2019-05-21 21:00:00,0.67,146.03,148.98144,0.01981079,0.73875,107.87966250000001
2019-05-21 22:00:00,0.6985,154.96,153.39764,0.010185033,0.74525,115.48394
2019-05-21 23:00:00,0.6875,162.34,159.87672,0.015407371,0.7433333333333333,120.67273333333333
2019-05-22 00:00:00,0.6999999999999998,163.83,170.92305,0.041498499,0.74125,121.43898750000001
2019-05-22 01:00:00,0.6880000000000001,170.61,200.74568,0.150118697,0.73,124.54530000000001
2019-05-22 02:00:00,0.6874166666666667,204.1,232.92066,0.123735954,0.7293333333333333,148.85693333333333
2019-05-22 03:00:00,0.6915,247.81,251.385,0.014221214,0.7239999999999999,179.41443999999996
2019-05-22 04:00:00,0.7025833333333332,249.13,254.62123,0.021566269,0.72025,179.4358825
2019-05-22 05:00:00,0.7175833333333332,242.67,250.87832,0.032718331,0.7091666666666666,172.09347499999998
2019-05-22 06:00:00,0.7086666666666667,226.29,243.01134,0.068808888,0.6721666666666667,152.104595
2019-05-22 07:00:00,0.7205833333333334,212.97,234.24673,0.090830425,0.6508333333333334,138.607975
2019-05-22 08:00:00,0.7018333333333332,206.36,228.12329,0.095401438,0.67,138.26120000000003
2019-05-22 09:00:00,0.6927500000000001,202.93,222.17687,0.086628595,0.6985,141.74660500000002
2019-05-22 10:00:00,0.6734166666666667,195.12,216.77863,0.099911278,0.6875,134.145
2019-05-22 11:00:00,0.7331666666666666,189.47,218.49463,0.1328391,0.6999999999999998,132.62899999999996
2019-05-22 12:00:00,0.73175,186.31,222.8406,0.163931528,0.6880000000000001,128.18128000000002
2019-05-22 13:00:00,0.7261666666666667,188.05,217.02944,0.133527691,0.6874166666666667,129.26870416666668
2019-05-22 14:00:00,0.7209166666666667,169.22,199.17128,0.150379513,0.6915,117.01563
2019-05-22 15:00:00,0.7195833333333334,131.93,172.17545,0.233746739,0.7025833333333332,92.69181916666666
2019-05-22 16:00:00,0.7223333333333333,127.83,147.1186,0.131109187,0.7175833333333332,91.72867749999999
2019-05-22 17:00:00,0.7258333333333332,122.3,133.22473,0.082002268,0.7086666666666667,86.66993333333333
2019-05-22 18:00:00,0.7203333333333334,117.8,132.86247,0.113368884,0.7205833333333334,84.88471666666666
2019-05-22 19:00:00,0.7156666666666666,122.95,136.7493,0.100909474,0.7018333333333332,86.29040833333332
2019-05-22 20:00:00,0.662,124.48,139.0593,0.104842323,0.6927500000000001,86.23352000000001
2019-05-22 21:00:00,0.6956666666666668,127.97,141.9123,0.098245888,0.6734166666666667,86.17713083333334
2019-05-22 22:00:00,0.7048333333333333,138.65,145.30566,0.045804547,0.7331666666666666,101.65355833333334
2019-05-22 23:00:00,0.718,152.02,151.40561,0.004057908,0.73175,111.24063500000001
2019-05-23 00:00:00,0.7043333333333334,157.75,165.69777,0.047965461,0.7261666666666667,114.55279166666668
2019-05-23 01:00:00,0.6923333333333334,162.5,198.92984,0.183129087,0.7209166666666667,117.14895833333333
2019-05-23 02:00:00,0.6950833333333333,193.06,232.56897,0.169880659,0.7195833333333334,138.92275833333335
2019-05-23 03:00:00,0.7174999999999999,233.84,249.15527,0.061468778,0.7223333333333333,168.91042666666667
2019-05-23 04:00:00,0.7286666666666667,232.35,249.33641,0.068126472,0.7258333333333332,168.64737499999998
2019-05-23 05:00:00,0.7153333333333333,227.99,244.39759,0.067134827,0.7203333333333334,164.22879666666668
2019-05-23 06:00:00,0.70725,221.89,236.30356,0.060995949,0.7156666666666666,158.79927666666663
2019-05-23 07:00:00,0.7168333333333333,212.13,226.32911,0.062736561,0.662,140.43006
2019-05-23 08:00:00,0.706,213.56,218.52565,0.022723419,0.6956666666666668,148.56657333333337
2019-05-23 09:00:00,0.7113333333333333,199.48,211.23735,0.055659428,0.7048333333333333,140.6001533333333
2019-05-23 10:00:00,0.7326666666666667,187.55,205.29205,0.086423464,0.718,134.6609
2019-05-23 11:00:00,0.72975,177.92,207.52135,0.142642432,0.7043333333333334,125.31498666666667
2019-05-23 12:00:00,0.7333333333333334,170.9,212.40009,0.195386405,0.6923333333333334,118.31976666666668
2019-05-23 13:00:00,0.729,170.85,205.83259,0.169956517,0.6950833333333333,118.75498749999998
2019-05-23 14:00:00,0.7185,160.7,186.02092,0.136118669,0.7174999999999999,115.30224999999997
2019-05-23 15:00:00,0.7190833333333333,118.98,159.20474,0.252660442,0.7286666666666667,86.69676000000001
2019-05-23 16:00:00,0.7225,112.34,136.81649,0.178900146,0.7153333333333333,80.36054666666666
2019-05-23 17:00:00,0.73175,109.14,124.77076,0.125275826,0.70725,77.189265
2019-05-23 18:00:00,0.7319166666666667,100.33,123.92319,0.190385593,0.7168333333333333,71.91988833333333
2019-05-23 19:00:00,0.71075,101.18,127.12545,0.20409328,0.706,71.43308
2019-05-23 20:00:00,0.6637500000000001,101.27,130.01648,0.221098741,0.7113333333333333,72.03672666666665
2019-05-23 21:00:00,0.6785833333333334,115.37,133.61873,0.136573144,0.7326666666666667,84.52775333333334
2019-05-23 22:00:00,0.7002499999999999,116.31,137.06153,0.151403023,0.72975,84.8772225
2019-05-23 23:00:00,0.7069166666666665,130.41,144.02175,0.094511766,0.7333333333333334,95.634
2019-05-24 00:00:00,0.7016666666666667,144.8,143.71691,0.007536274,0.729,105.5592
2019-05-24 01:00:00,0.7092499999999999,161.83,176.55517,0.083402655,0.7185,116.27485500000002
2019-05-24 02:00:00,0.7130833333333334,194.74,213.81256,0.089202243,0.7190833333333333,140.03428833333334
2019-05-24 03:00:00,0.7114166666666666,237.03,233.60453,0.014663543,0.7225,171.254175
2019-05-24 04:00:00,0.71075,237.54,234.06389,0.014851116,0.73175,173.819895
2019-05-24 05:00:00,0.7186666666666666,227.74,228.3791,0.002798417,0.7319166666666667,166.68670166666666
2019-05-24 06:00:00,0.7104166666666667,220.29,220.58329,0.001329611,0.71075,156.57111749999999
2019-05-24 07:00:00,0.70975,215.49,211.94494,0.016726325,0.6637500000000001,143.03148750000003
2019-05-24 08:00:00,0.7115833333333333,220.02,205.25782,0.071920183,0.6785833333333334,149.30190500000003
2019-05-24 09:00:00,0.72025,215.38,197.29734,0.091651819,0.7002499999999999,150.819845
2019-05-24 10:00:00,0.7352500000000001,202.37,189.59831,0.067361835,0.7069166666666665,143.0587258333333
2019-05-24 11:00:00,0.7335833333333333,193.53,191.08735,0.012782897,0.7016666666666667,135.79355
2019-05-24 12:00:00,0.7415833333333333,189.27,196.20798,0.035360335,0.7092499999999999,134.2397475
2019-05-24 13:00:00,0.7414166666666667,197.53,189.68308,0.041368582,0.7130833333333334,140.85535083333335
2019-05-24 14:00:00,0.7395833333333334,204.01,168.99619,0.207186979,0.7114166666666666,145.13611416666663
2019-05-24 15:00:00,0.735,153.1,142.63921,0.073337408,0.71075,108.81582499999999
2019-05-24 16:00:00,0.7304166666666667,129.62,121.27985,0.068767813,0.7186666666666666,93.15357333333333
2019-05-24 17:00:00,0.7271666666666666,124.93,108.74325,0.148852917,0.7104166666666667,88.75235416666668
2019-05-24 18:00:00,0.714,112.27,106.81676,0.051052288,0.70975,79.6836325
2019-05-24 19:00:00,0.6520833333333333,108.5,109.4549,0.008724141,0.7115833333333333,77.20679166666667
2019-05-24 20:00:00,0.685,109.46,112.29797,0.025271784,0.72025,78.83856499999999
2019-05-24 21:00:00,0.7011666666666666,119.7,116.53517,0.027157724,0.7352500000000001,88.00942500000001
2019-05-24 22:00:00,0.6969166666666666,133.21,120.99065,0.100994168,0.7335833333333333,97.72063583333333
2019-05-24 23:00:00,0.6948333333333333,140.35,127.60169,0.099907062,0.7415833333333333,104.08122083333332
2019-05-25 00:00:00,0.6873333333333332,153.75,166.59698,0.077114123,0.7414166666666667,113.99281250000001
2019-05-25 01:00:00,0.7035,171.36,192.90682,0.111695481,0.7395833333333334,126.73500000000001
2019-05-25 02:00:00,0.7054166666666667,204.3,224.57339,0.090275121,0.735,150.1605
2019-05-25 03:00:00,0.7069166666666665,241.08,242.65077,0.006473377,0.7304166666666667,176.08885
2019-05-25 04:00:00,0.7126666666666667,241.35,243.48319,0.008761139,0.7271666666666666,175.50167499999998
2019-05-25 05:00:00,0.7258333333333332,237.13,237.68976,0.002355003,0.714,169.31081999999998
2019-05-25 06:00:00,0.7286666666666667,226.07,232.18539,0.026338393,0.6520833333333333,147.41647916666668
2019-05-25 07:00:00,0.7264166666666667,218.43,229.33656,0.047557005,0.685,149.62455000000003
2019-05-25 08:00:00,0.7315,226.81,228.10178,0.005663174,0.7011666666666666,159.03161166666666
2019-05-25 09:00:00,0.7319999999999999,221.6,222.35614,0.003400581,0.6969166666666666,154.4367333333333
2019-05-25 10:00:00,0.7310833333333333,229.26,215.01488,0.066251787,0.6948333333333333,159.29748999999998
2019-05-25 11:00:00,0.7281666666666666,226.71,217.433,0.042666017,0.6873333333333332,155.82533999999998
2019-05-25 12:00:00,0.7264166666666667,224.31,225.26093,0.00422146,0.7035,157.802085
2019-05-25 13:00:00,0.7223333333333333,232.5,220.93814,0.052330756,0.7054166666666667,164.009375
2019-05-25 14:00:00,0.7141666666666667,238.29,200.0575,0.191107557,0.7069166666666665,168.45117249999996
2019-05-25 15:00:00,0.7018333333333332,190.23,170.5439,0.115431276,0.7126666666666667,135.57058
2019-05-25 16:00:00,0.7126666666666667,175.87,146.5053,0.200434387,0.7258333333333332,127.65230833333332
2019-05-25 17:00:00,0.7223333333333333,160.59,133.90755,0.199260236,0.7286666666666667,117.01658
2019-05-25 18:00:00,0.6933333333333334,149.89,132.7291,0.129292672,0.7264166666666667,108.88259416666666
2019-05-25 19:00:00,0.7019166666666666,151.02,134.67373,0.121376827,0.7315,110.47113000000002
2019-05-25 20:00:00,0.6930833333333334,154.78,135.63281,0.141169309,0.7319999999999999,113.29895999999998
2019-05-25 21:00:00,0.7204166666666666,159.71,139.15822,0.147686425,0.7310833333333333,116.76131916666667
2019-05-25 22:00:00,0.7028333333333333,168.16,145.50828,0.155673065,0.7281666666666666,122.44850666666666
2019-05-25 23:00:00,0.6898333333333334,173.74,153.18599,0.134176826,0.7264166666666667,126.20763166666669
2019-05-26 00:00:00,0.6971666666666666,184.66,179.66745,0.027787727,0.7223333333333333,133.38607333333331
2019-05-26 01:00:00,0.7109166666666665,202.58,198.08646,0.022684741,0.7141666666666667,144.67588333333336
2019-05-26 02:00:00,0.7002499999999999,228.7,224.84132,0.017161792,0.7018333333333332,160.5092833333333
2019-05-26 03:00:00,0.6928333333333333,263.84,243.77687,0.082301204,0.7126666666666667,188.02997333333332
2019-05-26 04:00:00,0.6998333333333333,262.39,248.18747,0.057225008,0.7223333333333333,189.5330433333333
2019-05-26 05:00:00,0.7290833333333334,249.15,244.80179,0.017762166,0.6933333333333334,172.744
2019-05-26 06:00:00,0.7326666666666667,245.74,242.01654,0.015385147,0.7019166666666666,172.48900166666667
2019-05-26 07:00:00,0.7271666666666666,241.24,243.80245,0.010510354,0.6930833333333334,167.19942333333336
2019-05-26 08:00:00,0.737,246.11,246.92276,0.003291556,0.7204166666666666,177.3017458333333
2019-05-26 09:00:00,0.7346666666666666,243.98,244.49783,0.002117933,0.7028333333333333,171.47727666666665
2019-05-26 10:00:00,0.739,243.23,240.13354,0.012894742,0.6898333333333334,167.78816166666667
2019-05-26 11:00:00,0.73875,244.36,243.49347,0.00355874,0.6971666666666666,170.35964666666666
2019-05-26 12:00:00,0.7312500000000001,243.84,250.118,0.025100153,0.7109166666666665,173.34991999999997
2019-05-26 13:00:00,0.72825,247.48,245.93553,0.006279979,0.7002499999999999,173.29787
2019-05-26 14:00:00,0.7135833333333332,239.0,228.59244,0.04552889,0.6928333333333333,165.58716666666666
2019-05-26 15:00:00,0.7083333333333334,194.77,200.00288,0.026164023,0.6998333333333333,136.30653833333332
2019-05-26 16:00:00,0.7070833333333333,178.31,171.75849,0.038143733,0.7290833333333334,130.0028491666667
2019-05-26 17:00:00,0.7120000000000001,160.22,154.07658,0.03987251,0.7326666666666667,117.38785333333334
2019-05-26 18:00:00,0.6978333333333334,147.95,150.7198,0.018377148,0.7271666666666666,107.58430833333333
2019-05-26 19:00:00,0.7156666666666666,146.31,152.93182,0.043299164,0.737,107.83047
2019-05-26 20:00:00,0.7125833333333333,151.49,154.60224,0.020130627,0.7346666666666666,111.29465333333333
2019-05-26 21:00:00,0.6776666666666666,160.38,159.23876,0.007166848,0.739,118.52082
2019-05-26 22:00:00,0.6921666666666666,166.72,166.65597,0.000384205,0.73875,123.1644
2019-05-26 23:00:00,0.6783333333333333,168.74,172.21917,0.02020199,0.7312500000000001,123.39112500000002
2019-05-27 00:00:00,0.669,175.13,185.53094,0.056060407,0.72825,127.53842249999998
2019-05-27 01:00:00,0.6905,188.61,210.63687,0.104572718,0.7135833333333332,134.5889525
2019-05-27 02:00:00,0.7005833333333333,215.89,239.26283,0.097686841,0.7083333333333334,152.92208333333332
2019-05-27 03:00:00,0.7056666666666667,249.4,254.71532,0.020867689,0.7070833333333333,176.3465833333333
2019-05-27 04:00:00,0.7174166666666667,252.34,254.04786,0.006722592,0.7120000000000001,179.66608000000002
2019-05-27 05:00:00,0.7420833333333333,245.35,248.1011,0.011088625,0.6978333333333334,171.21340833333335
2019-05-27 06:00:00,0.7444999999999999,233.2,244.64459,0.046780474,0.7156666666666666,166.89346666666663
2019-05-27 07:00:00,0.7004166666666666,222.86,245.44601,0.092020278,0.7125833333333333,158.8063216666667
2019-05-27 08:00:00,0.699,225.32,247.00624,0.087796324,0.6776666666666666,152.6918533333333
2019-05-27 09:00:00,0.7313333333333333,223.58,243.23692,0.080813883,0.6921666666666666,154.7546233333333
2019-05-27 10:00:00,0.735,223.41,237.5615,0.059569838,0.6783333333333333,151.54645
2019-05-27 11:00:00,0.73425,222.37,239.32762,0.070855257,0.669,148.76553
2019-05-27 12:00:00,0.7349166666666666,220.32,244.35623,0.09836553,0.6905,152.13096
2019-05-27 13:00:00,0.7330833333333334,221.59,237.78665,0.068114211,0.7005833333333333,155.24226083333335
2019-05-27 14:00:00,0.7235,218.01,216.76032,0.005765262,0.7056666666666667,153.84239
2019-05-27 15:00:00,0.7230833333333333,192.54,186.25448,0.033746947,0.7174166666666667,138.131405
2019-05-27 16:00:00,0.7254166666666667,182.06,159.82223,0.139140656,0.7420833333333333,135.10369166666666
2019-05-27 17:00:00,0.7238333333333333,169.75,145.92236,0.163289848,0.7444999999999999,126.378875
2019-05-27 18:00:00,0.6905833333333334,155.66,145.43722,0.070289985,0.7004166666666666,109.02685833333332
2019-05-27 19:00:00,0.65375,155.72,149.09967,0.044402043,0.699,108.84827999999999
2019-05-27 20:00:00,0.6651666666666667,156.91,151.25311,0.037400157,0.7313333333333333,114.75351333333332
2019-05-27 21:00:00,0.6795,154.89,155.39292,0.003236441,0.735,113.84414999999998
2019-05-27 22:00:00,0.7120833333333333,154.43,162.08739,0.047242355,0.73425,113.3902275
2019-05-27 23:00:00,0.6707500000000001,159.45,170.02108,0.062175114,0.7349166666666666,117.18246249999997
2019-05-28 00:00:00,0.6805,167.35,170.56827,0.018867929,0.7330833333333334,122.68149583333334
2019-05-28 01:00:00,0.6764166666666668,179.52,192.74537,0.06861576,0.7235,129.88272
2019-05-28 02:00:00,0.6695000000000001,211.8,221.68832,0.044604605,0.7230833333333333,153.14905
2019-05-28 03:00:00,0.6855833333333333,241.07,241.32422,0.001053438,0.7254166666666667,174.87619583333333
2019-05-28 04:00:00,0.713,243.6,246.964,0.013621419,0.7238333333333333,176.3258
2019-05-28 05:00:00,0.71975,233.42,244.70902,0.046132423,0.6905833333333334,161.19596166666668
2019-05-28 06:00:00,0.7275833333333334,229.77,240.41803,0.044289648,0.65375,150.2121375
2019-05-28 07:00:00,0.7051666666666666,218.24,238.30144,0.08418514,0.6651666666666667,145.16597333333334
2019-05-28 08:00:00,0.6988333333333333,225.48,237.30608,0.049834711,0.6795,153.21366
2019-05-28 09:00:00,0.7148333333333333,218.99,232.97153,0.0600139,0.7120833333333333,155.93912916666667
2019-05-28 10:00:00,0.7363333333333334,223.13,229.31432,0.026968748,0.6707500000000001,149.66444750000002
2019-05-28 11:00:00,0.7350833333333333,221.77,232.83907,0.047539573,0.6805,150.914485
2019-05-28 12:00:00,0.7327499999999999,218.91,237.44011,0.078041195,0.6764166666666668,148.0743725
2019-05-28 13:00:00,0.7287499999999999,221.4,233.04496,0.049968727,0.6695000000000001,148.2273
2019-05-28 14:00:00,0.733,214.08,220.33723,0.028398424,0.6855833333333333,146.76968
2019-05-28 15:00:00,0.7207499999999999,195.88,197.99057,0.010659952,0.713,139.66244
2019-05-28 16:00:00,0.7255833333333332,183.8,172.89979,0.063043512,0.71975,132.29005
2019-05-28 17:00:00,0.73225,172.78,155.10524,0.113953339,0.7275833333333334,125.71184833333334
2019-05-28 18:00:00,0.7304166666666667,169.26,150.13721,0.127368758,0.7051666666666666,119.35650999999999
2019-05-28 19:00:00,0.6988333333333333,172.99,150.61239,0.148577484,0.6988333333333333,120.89117833333333
2019-05-28 20:00:00,0.7182499999999999,167.71,150.86383,0.111664738,0.7148333333333333,119.88469833333333
2019-05-28 21:00:00,0.733,167.96,153.07589,0.097233536,0.7363333333333334,123.67454666666669
2019-05-28 22:00:00,0.7351666666666666,173.46,156.86135,0.105817335,0.7350833333333333,127.507555
2019-05-28 23:00:00,0.7329166666666667,180.21,160.70141,0.121396508,0.7327499999999999,132.04887749999997
2019-05-29 00:00:00,0.7290833333333334,177.87,186.67776,0.047181625,0.7287499999999999,129.6227625
2019-05-29 01:00:00,0.72375,185.16,204.5563,0.094821328,0.733,135.72227999999998
2019-05-29 02:00:00,0.7238333333333333,217.71,230.32568,0.054773224,0.7207499999999999,156.9144825
2019-05-29 03:00:00,0.7312500000000001,249.33,247.86542,0.005908771,0.7255833333333332,180.90969249999998
2019-05-29 04:00:00,0.7326666666666667,254.99,251.65391,0.013256659,0.73225,186.7164275
2019-05-29 05:00:00,0.7316666666666666,250.37,248.82306,0.006217028,0.7304166666666667,182.87442083333335
2019-05-29 06:00:00,0.7314166666666666,233.88,246.07431,0.049555396,0.6988333333333333,163.44314
2019-05-29 07:00:00,0.71525,228.5,246.78768,0.074102889,0.7182499999999999,164.12012499999997
2019-05-29 08:00:00,0.69875,226.79,248.69748,0.08808887,0.733,166.23707
2019-05-29 09:00:00,0.71575,225.99,246.39516,0.082814776,0.7351666666666666,166.140315
2019-05-29 10:00:00,0.7310833333333333,233.11,243.20381,0.041503503,0.7329166666666667,170.85020416666669
2019-05-29 11:00:00,0.7239166666666667,245.46,246.45709,0.004045694,0.7290833333333334,178.96079500000002
2019-05-29 12:00:00,0.7239166666666667,251.11,250.65855,0.001801056,0.72375,181.74086250000002
2019-05-29 13:00:00,0.7246666666666667,256.8,245.05058,0.047946918,0.7238333333333333,185.8804
2019-05-29 14:00:00,0.7241666666666666,253.49,230.0736,0.101777866,0.7312500000000001,185.36456250000003
2019-05-29 15:00:00,0.7239166666666667,222.8,206.78697,0.077437326,0.7326666666666667,163.23813333333334
2019-05-29 16:00:00,0.7258333333333332,196.14,183.60937,0.068246136,0.7316666666666666,143.50909999999996
2019-05-29 17:00:00,0.7284166666666666,184.44,167.33849,0.10219711,0.7314166666666666,134.90249
2019-05-29 18:00:00,0.727,181.18,162.49547,0.114984929,0.71525,129.588995
2019-05-29 19:00:00,0.7026666666666667,178.17,163.39341,0.090435655,0.69875,124.4962875
2019-05-29 20:00:00,0.643,180.36,164.35094,0.097407779,0.71575,129.09267
2019-05-29 21:00:00,0.6486666666666667,179.53,167.43509,0.072236411,0.7310833333333333,131.25139083333332
2019-05-29 22:00:00,0.6918333333333333,179.06,173.32947,0.033061487,0.7239166666666667,129.62451833333333
2019-05-29 23:00:00,0.6849166666666667,186.71,178.91172,0.043587307,0.7239166666666667,135.16248083333335
2019-05-30 00:00:00,0.6924166666666666,190.23,190.16976,0.00031677,0.7246666666666667,137.85334
2019-05-30 01:00:00,0.7083333333333334,195.04,209.61187,0.069518344,0.7241666666666666,141.24146666666664
2019-05-30 02:00:00,0.71525,226.8,235.867,0.038441155,0.7239166666666667,164.1843
2019-05-30 03:00:00,0.7245833333333334,260.42,254.67696,0.022550293,0.7258333333333332,189.02151666666666
2019-05-30 04:00:00,0.73,256.63,259.32597,0.010396066,0.7284166666666666,186.93356916666664
2019-05-30 05:00:00,0.7256666666666667,248.35,256.43694,0.031535784,0.727,180.55044999999998
2019-05-30 06:00:00,0.7134999999999999,253.66,254.58013,0.003614304,0.7026666666666667,178.23842666666667
2019-05-30 07:00:00,0.7012499999999999,254.02,256.86312,0.011068619,0.643,163.33486000000002
2019-05-30 08:00:00,0.6880833333333333,263.71,260.20836,0.013457062,0.6486666666666667,171.05988666666667
2019-05-30 09:00:00,0.6995833333333333,262.23,259.23699,0.011545459,0.6918333333333333,181.419455
2019-05-30 10:00:00,0.7318333333333333,256.47,256.90581,0.00169638,0.6849166666666667,175.66057750000004
2019-05-30 11:00:00,0.7248333333333333,252.16,259.60319,0.028671412,0.6924166666666666,174.59978666666663
2019-05-30 12:00:00,0.72175,253.39,263.20676,0.037296762,0.7083333333333334,179.48458333333332
2019-05-30 13:00:00,0.7289166666666667,253.9,257.77161,0.015019536,0.71525,181.601975
2019-05-30 14:00:00,0.722,252.39,242.3843,0.041280314,0.7245833333333334,182.8775875
2019-05-30 15:00:00,0.7203333333333334,224.03,215.30239,0.040536522,0.73,163.5419
2019-05-30 16:00:00,0.7228333333333333,187.96,186.19921,0.009456485,0.7256666666666667,136.39630666666667
2019-05-30 17:00:00,0.7226666666666667,170.05,165.77952,0.025759997,0.7134999999999999,121.330675
2019-05-30 18:00:00,0.7014166666666667,154.86,159.13637,0.026872361,0.7012499999999999,108.595575
2019-05-30 19:00:00,0.6861666666666667,151.88,159.6492,0.048664196,0.6880833333333333,104.50609666666665
2019-05-30 20:00:00,0.7091666666666666,149.59,161.21094,0.072085306,0.6995833333333333,104.65067083333334
2019-05-30 21:00:00,0.7134166666666667,143.68,165.70608,0.132922582,0.7318333333333333,105.14981333333334
2019-05-30 22:00:00,0.7094999999999999,149.63,173.20395,0.136105152,0.7248333333333333,108.45681166666667
2019-05-30 23:00:00,0.68675,179.69,179.80544,0.000642027,0.72175,129.6912575
2019-05-31 00:00:00,0.7019166666666666,205.59,178.10463,0.154321479,0.7289166666666667,149.8579775
2019-05-31 01:00:00,0.7071666666666666,221.8,200.46531,0.106425845,0.722,160.1396
2019-05-31 02:00:00,0.7145,236.1,232.23025,0.016663419,0.7203333333333334,170.07070000000002
2019-05-31 03:00:00,0.7108333333333333,253.58,252.19503,0.005491663,0.7228333333333333,183.29607666666666
2019-05-31 04:00:00,0.7281666666666666,252.24,253.67631,0.005661979,0.7226666666666667,182.28544000000002
2019-05-31 05:00:00,0.7335833333333333,250.32,247.81085,0.010125263,0.7014166666666667,175.57862
2019-05-31 06:00:00,0.7346666666666666,259.15,244.87734,0.058284936,0.6861666666666667,177.82009166666666
2019-05-31 07:00:00,0.7385833333333333,263.56,248.0825,0.06238852,0.7091666666666666,186.90796666666665
2019-05-31 08:00:00,0.7366666666666667,266.34,252.77341,0.053670954,0.7134166666666667,190.011395
2019-05-31 09:00:00,0.73225,262.39,249.95006,0.049769702,0.7094999999999999,186.16570499999997
2019-05-31 10:00:00,0.7300833333333333,257.04,243.05776,0.057526409,0.68675,176.52222
2019-05-31 11:00:00,0.7338333333333332,251.59,244.24193,0.030085211,0.7019166666666666,176.59521416666666
2019-05-31 12:00:00,0.73075,248.66,250.21402,0.006210763,0.7071666666666666,175.8440633333333
2019-05-31 13:00:00,0.7271666666666666,245.49,246.26762,0.003157622,0.7145,175.40260500000002
2019-05-31 14:00:00,0.7206666666666667,241.44,228.71852,0.055620682,0.7108333333333333,171.62359999999998
2019-05-31 15:00:00,0.7075,207.62,200.21817,0.036968823,0.7281666666666666,151.18196333333333
2019-05-31 16:00:00,0.7076666666666666,178.47,172.68712,0.033487616,0.7335833333333333,130.92261749999997
2019-05-31 17:00:00,0.6980833333333333,164.77,155.47418,0.059790121,0.7346666666666666,121.05102666666666
2019-05-31 18:00:00,0.7120833333333333,160.83,151.84097,0.059200294,0.7385833333333333,118.7863575
2019-05-31 19:00:00,0.7235,160.77,153.6992,0.046004143,0.7366666666666667,118.43390000000001
2019-05-31 20:00:00,0.7295833333333333,160.76,155.42051,0.034355118,0.73225,117.71650999999999
2019-05-31 21:00:00,0.73225,156.97,159.97921,0.018810007,0.7300833333333333,114.60118083333333
2019-05-31 22:00:00,0.7365833333333334,167.25,166.42805,0.004938771,0.7338333333333332,122.73362499999998
2019-05-31 23:00:00,0.7265,180.65,170.39901,0.060158742,0.73075,132.0099875
